blueduck_field_data.csv,,,,,,,,,,,,,,,
Eric Barefoot,,,,,,,,,,,,,,,
"July, 2015",,,,,,,,,,,,,,,
,,,,,,,,,,,,,,,
"This table is field data collected in the upper reaches of the Blue Duck Creek in the foothills of the Seaward Kaikoura Range, New Zealand.",,,,,,,,,,,,,,,
This data set was created by Eric Barefoot and Emily Beckham by hiking along streams and taking wetted stream width measurements every ~5 meters with a tape measure.,,,,,,,,,,,,,,,
This data was collected to determine the distribution of stream widths in headwater catchments.,,,,,,,,,,,,,,,
,,,,,,,,,,,,,,,
GPS waypoints were taken at nodes in the stream network.,,,,,,,,,,,,,,,
,,,,,,,,,,,,,,,
columns:,,,,,,,,,,,,,,,
stream_segment_ID,,,,,,,,,,,,,,,
direction,We either paced upstream or downstream,,,,,,,,,,,,,,
flowing_width,Raw width measurements taken in inches,,,,,,,,,,,,,,
percent_nonflow,"Estimated percentage of the streams that were not flowing due to sandbars, rocks, vegetation, or other material at the surface of the stream",,,,,,,,,,,,,,
code,attributes of stream or measurement ,,,,,,,,,,,,,,
,B,bushes,,,,,,,,,,,,,
,DM,divine measurement - width visually estimated (only done a few times in blue duck where ongaonga was too dense to measure),,,,,,,,,,,,,
,G,tall grass,,,,,,,,,,,,,
,MC,multiple channels seperated by vegetation,,,,,,,,,,,,,
,RF,width measured by laser range finder (in meters),,,,,,,,,,,,,
,SC,Stream covered by snow,,,,,,,,,,,,,
,M,Marshy ground with standing water,,,,,,,,,,,,,
,LT,width measured using a long tape measure - width in cm,,,,,,,,,,,,,
notes,misc notes,,,,,,,,,,,,,,
environment,where the stream is located,,,,,,,,,,,,,,
measurer_name,name of person pacing and taking width measurements,,,,,,,,,,,,,,
date,date,,,,,,,,,,,,,,
stream_order,strahler stream order (no 0 order streams),,,,,,,,,,,,,,
UTM_X,UTM zone 59S easting (locations are approximate),,,,,,,,,,,,,,
UTM_Y,UTM zone 59S northing (locations are approximate),,,,,,,,,,,,,,
elev_m,approximate elevation in meters,,,,,,,,,,,,,,
acc_area_m2,approximate upstream accumulation area in square meters,,,,,,,,,,,,,,
slope,approximate slope (unitless),,,,,,,,,,,,,,
,,,,,,,,,,,,,,,
,,,,,,,,,,,,,,,
,,,,,,,,,,,,,,,
,,,,,,,,,,,,,,,
,,,,,,,,,,,,,,,
,,,,,,,,,,,,,,,
,,,,,,,,,,,,,,,
,,,,,,,,,,,,,,,
,,,,,,,,,,,,,,,
,,,,,,,,,,,,,,,
,,,,,,,,,,,,,,,
,,,,,,,,,,,,,,,
,,,,,,,,,,,,,,,
,,,,,,,,,,,,,,,
,,,,,,,,,,,,,,,
stream_segment_ID,direction,flowing_width,percent_nonflow,code,notes,environment,measurer_name,date,stream_order,GPS.Waypoint,UTM_X,UTM_Y,elev_m,acc_area_m2,slope
S1,Downstream,3,,,,Pasture,Eric,12-Jul-15,1,,725915.41,5315098.46,231.51,9152,-0.1302198148
S1,Downstream,6,10,,,Pasture,Eric,12-Jul-15,1,,725920.64,5315095.77,229.61,9152,-0.1302198148
S1,Downstream,5,,,,Pasture,Eric,12-Jul-15,1,,725923.95,5315093.55,229.61,10688,-0.1302198148
S1,Downstream,8,30,,,Pasture,Eric,12-Jul-15,1,,725929.16,5315091.29,226.59,10688,-0.1302198148
S1,Downstream,3,,,,Pasture,Eric,12-Jul-15,1,,725934,5315091.99,224.89,10752,-0.1302198148
S1,Downstream,9,,,,Pasture,Eric,12-Jul-15,1,,725937.94,5315090.29,224.89,10752,-0.1302198148
S1,Downstream,17,50,,,Pasture,Eric,12-Jul-15,1,,725941.66,5315088.72,223.48,10752,-0.1302198148
S1,Downstream,2,0,,,Pasture,Eric,12-Jul-15,1,,725945.96,5315088.51,223.48,18432,-0.1302198148
S1,Downstream,4,,,,Pasture,Eric,12-Jul-15,1,,725951.38,5315086.23,222.27,18432,-0.1302198148
S1,Downstream,6,,,,Pasture,Eric,12-Jul-15,1,,725954.74,5315082.79,221.25,18688,-0.1302198148
S1,Downstream,5,,,,Pasture,Eric,12-Jul-15,1,,725958.24,5315085.36,221.15,18688,-0.1302198148
S1,Downstream,11,50,,,Pasture,Eric,12-Jul-15,1,,725960.71,5315088.35,221.15,18688,-0.1302198148
S1,Downstream,12,60,,,Pasture,Eric,12-Jul-15,1,,725965.91,5315085.37,219.95,19008,-0.1302198148
S1,Downstream,5,,,,Pasture,Eric,12-Jul-15,1,,725970.34,5315086.34,219.95,23616,-0.1302198148
S1,Downstream,380,80,LT,in cm,Pasture,Eric,12-Jul-15,1,,725974.74,5315085.3,218.62,23616,-0.1302198148
S1,Downstream,490,90,LT,,Pasture,Eric,12-Jul-15,1,,725979.63,5315084.46,218.62,24960,-0.1302198148
S1,Downstream,370,80,LT,,Pasture,Eric,12-Jul-15,1,,725983.96,5315087.09,217.07,25344,-0.1302198148
S1,Downstream,67,60,LT,,Pasture,Eric,12-Jul-15,1,,725988.46,5315087.22,215.63,25344,-0.1302198148
S1,Downstream,13,,,,Pasture,Eric,12-Jul-15,1,,725993.99,5315088.93,215.63,25344,-0.1302198148
S1,Downstream,5,,,,Pasture,Eric,12-Jul-15,1,,725996.7,5315092.64,214.36,25728,-0.1302198148
S1,Downstream,10,30,,,Pasture,Eric,12-Jul-15,1,,726001.21,5315092.78,214.36,25728,-0.1302198148
S1,Downstream,4,20,,,Pasture,Eric,12-Jul-15,1,,726006.7,5315093.32,212.99,27328,-0.1302198148
S1,Downstream,13,,,,Pasture,Eric,12-Jul-15,1,,726011.48,5315092.13,212.99,27328,-0.1302198148
S1,Downstream,14,,,,Pasture,Eric,12-Jul-15,1,,726014.79,5315090.35,213.78,27328,-0.1302198148
S1,Downstream,7,,,,Pasture,Eric,12-Jul-15,1,,726019.66,5315090.34,213.78,27776,-0.1302198148
S1,Downstream,3,40,,,Pasture,Eric,12-Jul-15,1,,726020.47,5315088.38,213.37,27776,-0.1302198148
S1,Downstream,7,,,knickpoint here,Pasture,Eric,12-Jul-15,1,,726027.61,5315087.02,213.37,27776,-0.1302198148
S1,Downstream,8,,,,Pasture,Eric,12-Jul-15,1,,726028.43,5315082.23,214.48,27776,-0.1302198148
S1,Downstream,7,30,,,Pasture,Eric,12-Jul-15,1,,726032.92,5315080.36,214.48,27776,-0.1302198148
S1,Downstream,11,50,,,Pasture,Eric,12-Jul-15,1,,726036.37,5315078.92,213.86,27776,-0.1302198148
S1,Downstream,4,,,,Pasture,Eric,12-Jul-15,1,,726041.89,5315076.62,213.86,27776,-0.1302198148
S1,Downstream,9,,,,Pasture,Eric,12-Jul-15,1,,726047.07,5315074.45,214.05,27776,-0.1302198148
S1,Downstream,23,60,,,Pasture,Eric,12-Jul-15,1,,726051.71,5315073.74,212.8,28224,-0.1302198148
S1,Downstream,4,50,,,Pasture,Eric,12-Jul-15,1,,726057.17,5315073.9,212.8,28224,-0.1302198148
S1,Downstream,0,,,,Pasture,Eric,12-Jul-15,1,,726062.39,5315072.55,211.41,28224,-0.1302198148
S1,Downstream,0,,,,Pasture,Eric,12-Jul-15,1,,726067.23,5315072.17,211.41,28992,-0.1302198148
S1,Downstream,0,,,,Pasture,Eric,12-Jul-15,1,,726070.53,5315075.72,209.19,34304,-0.1302198148
S1,Downstream,0,,,,Pasture,Eric,12-Jul-15,1,,726074.96,5315078.01,209.19,34304,-0.1302198148
S1,Downstream,0,,,,Pasture,Eric,12-Jul-15,1,,726077.51,5315079.86,207.66,34304,-0.1302198148
S1,Downstream,0,,,,Pasture,Eric,12-Jul-15,1,,726082.63,5315083.58,207.13,34304,-0.1302198148
S1,Downstream,0,,,,Pasture,Eric,12-Jul-15,1,,726086.44,5315085.37,205.63,34304,-0.1302198148
S1,Downstream,3,,,,Pasture,Eric,12-Jul-15,1,,726091.36,5315086.72,205.63,34304,-0.1302198148
S1,Downstream,7,,,,Pasture,Eric,12-Jul-15,1,,726093.27,5315090.97,203.85,34304,-0.1302198148
S1,Downstream,8,,,,Pasture,Eric,12-Jul-15,1,,726097.69,5315092.13,203.85,34304,-0.1302198148
S1,Downstream,13,,,,Pasture,Eric,12-Jul-15,1,,726102.67,5315093.51,202.58,34304,-0.1302198148
S1,Downstream,15,,,,Pasture,Eric,12-Jul-15,1,,726104.99,5315097.99,202.37,34368,-0.1302198148
S1,Downstream,42,50,,,Pasture,Eric,12-Jul-15,1,,726108.48,5315098.22,201.16,34368,-0.1302198148
S1,Downstream,15,20,,right before culvert,Pasture,Eric,12-Jul-15,1,,726111.72,5315101.9,201.16,34368,-0.1302198148
S1,Downstream,2,,,out of culvert pipe,Pasture,Eric,12-Jul-15,1,,726116.48,5315104.13,200.4,34432,-0.1302198148
S1,Downstream,16,50,,"lots of anthro influence, pipes",Pasture,Eric,12-Jul-15,1,,726119.69,5315107.8,200.27,101504,-0.1302198148
S1,Downstream,8,,,,Pasture,Eric,12-Jul-15,1,,726121.68,5315112.76,200.15,101504,-0.1302198148
S1,Downstream,20,50,,mostly marshy with islands of grass in mud.,Pasture,Eric,12-Jul-15,1,438,726120.44,5315118.74,200.15,101504,-0.1302198148
S3,Downstream,22,30,,,Pasture,Eric,12-Jul-15,2,438,726123.16,5315122.41,199.73,101504,-0.0311699201
S3,Downstream,16,50,,,Pasture,Eric,12-Jul-15,2,,726121.84,5315126.49,199.73,101504,-0.0311699201
S3,Downstream,17,10,,,Pasture,Eric,12-Jul-15,2,,726123.36,5315130.65,199.36,101504,-0.0311699201
S3,Downstream,7,,,,Pasture,Eric,12-Jul-15,2,,726120.76,5315133.8,199.36,101504,-0.0311699201
S3,Downstream,17,,,,Pasture,Eric,12-Jul-15,2,,726123.06,5315138.36,198.96,101504,-0.0311699201
S3,Downstream,30,50,,,Pasture,Eric,12-Jul-15,2,,726121.11,5315142.07,198.96,101504,-0.0311699201
S3,Downstream,18,,,,Pasture,Eric,12-Jul-15,2,,726122.6,5315145.96,198.58,101504,-0.0311699201
S3,Downstream,27,20,,,Pasture,Eric,12-Jul-15,2,,726119.81,5315150.19,198.58,101504,-0.0311699201
S3,Downstream,5,10,,,Pasture,Eric,12-Jul-15,2,,726119.88,5315154.94,198.34,101504,-0.0311699201
S3,Downstream,16,,,,Pasture,Eric,12-Jul-15,2,,726121.38,5315158.99,198.34,101504,-0.0311699201
S3,Downstream,12,,,,Pasture,Eric,12-Jul-15,2,,726117.76,5315162.26,197.98,101504,-0.0311699201
S3,Downstream,24,50,,,Pasture,Eric,12-Jul-15,2,,726114.67,5315164.73,197.87,101504,-0.0311699201
S3,Downstream,10,10,,,Pasture,Eric,12-Jul-15,2,,726115.35,5315169.6,197.87,111616,-0.0311699201
S3,Downstream,13,,,,Pasture,Eric,12-Jul-15,2,441,726111.5,5315173.93,197.87,111616,-0.0311699201
S4,Upstream,12,10,,,Pasture,Eric,12-Jul-15,2,441,726107.99,5315173.06,198.12,59968,0.0902528076
S4,Upstream,9,,,,Pasture,Eric,12-Jul-15,2,,726103.68,5315172.69,198.12,59328,0.0902528076
S4,Upstream,13,10,,,Pasture,Eric,12-Jul-15,2,,726099.97,5315172.92,198.77,59328,0.0902528076
S4,Upstream,10,,,knickpoint,Pasture,Eric,12-Jul-15,2,,726096.39,5315172.91,198.77,58816,0.0902528076
S4,Upstream,21,20,,,Pasture,Eric,12-Jul-15,2,,726092.21,5315169.93,199.42,58816,0.0902528076
S4,Upstream,16,30,,,Pasture,Eric,12-Jul-15,2,,726087.85,5315169.98,199.42,24192,0.0902528076
S4,Upstream,17,,,,Pasture,Eric,12-Jul-15,2,,726083.98,5315167.3,199.72,24192,0.0902528076
S4,Upstream,12,20,,,Pasture,Eric,12-Jul-15,2,,726081.11,5315170.62,200.17,24192,0.0902528076
S4,Upstream,0,,,pool,Pasture,Eric,12-Jul-15,2,,726076.45,5315170.96,200.96,20672,0.0902528076
S4,Upstream,9,,,,Pasture,Eric,12-Jul-15,2,,726072.1,5315170.42,200.96,19776,0.0902528076
S4,Upstream,12,,,,Pasture,Eric,12-Jul-15,2,,726068.25,5315171.92,201.71,19776,0.0902528076
S4,Upstream,10,,,before culvert,Pasture,Eric,12-Jul-15,2,,726066.63,5315175.27,201.71,19776,0.0902528076
S4,Upstream,0,,,above culvert,Pasture,Eric,12-Jul-15,2,,726064.13,5315178.31,202.5,16192,0.0902528076
S4,Upstream,11,20,,,Pasture,Eric,12-Jul-15,2,442,726059.95,5315180.92,203.26,16192,0.0902528076
S5,Upstream,0,,,,Pasture,Eric,12-Jul-15,1,442,726057.46,5315185.45,203.26,1088,0.1730623727
S5,Upstream,0,,,,Pasture,Eric,12-Jul-15,1,,726057.42,5315189.85,204.26,1088,0.1730623727
S5,Upstream,0,,,,Pasture,Eric,12-Jul-15,1,,726056.18,5315194.55,205.42,1088,0.1730623727
S5,Upstream,0,,,,Pasture,Eric,12-Jul-15,1,,726055.61,5315199.26,205.42,1024,0.1730623727
S5,Upstream,0,,,,Pasture,Eric,12-Jul-15,1,,726053.88,5315203.5,207.44,1024,0.1730623727
S5,Upstream,3,,,,Pasture,Eric,12-Jul-15,1,,726052.8,5315208.36,207.44,1024,0.1730623727
S5,Upstream,0,,,,Pasture,Eric,12-Jul-15,1,,726051.28,5315212.77,208.86,960,0.1730623727
S5,Upstream,7,50,,,Pasture,Eric,12-Jul-15,1,,726048.41,5315216.72,208.86,960,0.1730623727
S6,Upstream,14,50,,,Pasture,Eric,12-Jul-15,1,442,726055.19,5315181.83,203.26,16192,0.153450606
S6,Upstream,0,,,,Pasture,Eric,12-Jul-15,1,,726051.05,5315178.98,204.08,16192,0.153450606
S6,Upstream,0,,,,Pasture,Eric,12-Jul-15,1,,726046.06,5315179.62,205.09,15744,0.153450606
S6,Upstream,12,10,,,Pasture,Eric,12-Jul-15,1,,726041.62,5315179.2,205.09,10944,0.153450606
S6,Upstream,0,,,,Pasture,Eric,12-Jul-15,1,,726036.9,5315178.36,206.29,10944,0.153450606
S6,Upstream,12,40,,,Pasture,Eric,12-Jul-15,1,,726031.41,5315179.23,206.29,10560,0.153450606
S6,Upstream,5,60,,,Pasture,Eric,12-Jul-15,1,,726027.68,5315177.61,207.09,10560,0.153450606
S6,Upstream,8,70,,,Pasture,Eric,12-Jul-15,1,,726023.2,5315175.19,207.09,10176,0.153450606
S6,Upstream,13,70,,,Pasture,Eric,12-Jul-15,1,,726018.48,5315175.59,208.48,10176,0.153450606
S6,Upstream,11,40,,,Pasture,Eric,12-Jul-15,1,,726012.76,5315175.07,209.87,9792,0.153450606
S6,Upstream,18,60,,,Pasture,Eric,12-Jul-15,1,,726008.02,5315175.45,209.87,9408,0.153450606
S6,Upstream,5,10,,,Pasture,Eric,12-Jul-15,1,,726003.77,5315176.34,211.23,9408,0.153450606
S6,Upstream,4,,,,Pasture,Eric,12-Jul-15,1,,725999.49,5315179.75,211.73,8960,0.153450606
S6,Upstream,11,10,,,Pasture,Eric,12-Jul-15,1,,725995.1,5315181.15,213.07,8960,0.153450606
S6,Upstream,6,,,,Pasture,Eric,12-Jul-15,1,,725993.46,5315185.69,213.07,8320,0.153450606
S6,Upstream,0,,,,Pasture,Eric,12-Jul-15,1,,725989.38,5315186.22,214.35,8320,0.153450606
S6,Upstream,5,,,,Pasture,Eric,12-Jul-15,1,,725985.33,5315184.32,214.35,7808,0.153450606
S6,Upstream,0,,,,Pasture,Eric,12-Jul-15,1,,725980.33,5315185.2,215.56,7808,0.153450606
S6,Upstream,0,,,,Pasture,Eric,12-Jul-15,1,,725977.2,5315189.52,216.61,7360,0.153450606
S6,Upstream,0,,,,Pasture,Eric,12-Jul-15,1,,725973.43,5315191.45,217.8,7360,0.153450606
S6,Upstream,2,,,small pool,Pasture,Eric,12-Jul-15,1,,725967.93,5315191.91,217.8,5696,0.153450606
S7,Downstream,60,30,,island in channel,Pasture,Emily,12-Jul-15,3,441,726114.99,5315176.36,197.87,111616,-0.1231741661
S7,Downstream,9,10,,one section frozen over,Pasture,Emily,12-Jul-15,3,,726115.78,5315180.64,198.2,111616,-0.1231741661
S7,Downstream,22,20,,,Pasture,Emily,12-Jul-15,3,,726119.54,5315181.78,197.87,111680,-0.1231741661
S7,Downstream,9,10,,entering steeper valley - stream cuts through with same slope,Pasture,Emily,12-Jul-15,3,,726121.39,5315185.98,198.4,111680,-0.1231741661
S7,Downstream,14,20,,,Pasture,Emily,12-Jul-15,3,,726122.15,5315191.37,198.4,111680,-0.1231741661
S7,Downstream,16,30,,,Pasture,Emily,12-Jul-15,3,,726121.99,5315196.21,199.26,111680,-0.1231741661
S7,Downstream,32,40,,,Forest,Emily,12-Jul-15,3,,726121.99,5315196.61,199.26,111680,-0.1231741661
S7,Downstream,12,,,,Forest,Emily,12-Jul-15,3,,726123.01,5315204.99,201.05,113024,-0.1231741661
S7,Downstream,34,10,,"rocks fill this channel, which is very different from in the pasture land",Forest,Emily,12-Jul-15,3,,726124.09,5315209.94,203.11,113024,-0.1231741661
S7,Downstream,26,,,,Forest,Emily,12-Jul-15,3,,726125.35,5315214.53,203.11,114176,-0.1231741661
S7,Downstream,37,30,,,Forest,Emily,12-Jul-15,3,,726129.82,5315217.43,204.55,114176,-0.1231741661
S7,Downstream,78,,,,Forest,Emily,12-Jul-15,3,,726134.03,5315219.23,204.55,115776,-0.1231741661
S7,Downstream,78,50,,,Forest,Emily,12-Jul-15,3,,726139.46,5315220.67,202.89,115776,-0.1231741661
S7,Downstream,36,40,,,Forest,Emily,12-Jul-15,3,,726142.74,5315221.13,201.1,115776,-0.1231741661
S7,Downstream,15,20,,log jam,Forest,Emily,12-Jul-15,3,,726148.33,5315220.89,201.1,117568,-0.1231741661
S7,Downstream,26,10,,,Forest,Emily,12-Jul-15,3,,726153.7,5315221.2,198.77,117568,-0.1231741661
S7,Downstream,40,30,,,Forest,Emily,12-Jul-15,3,,726158.59,5315221.93,197.18,117568,-0.1231741661
S7,Downstream,69,40,,,Forest,Emily,12-Jul-15,3,,726162.43,5315221.63,197.18,117568,-0.1231741661
S7,Downstream,33,10,,,Forest,Emily,12-Jul-15,3,,726162.84,5315221.84,197.18,117568,-0.1231741661
S7,Downstream,52,50,,,Forest,Emily,12-Jul-15,3,,726170.57,5315220.66,195.85,119488,-0.1231741661
S7,Downstream,17,10,,,Forest,Emily,12-Jul-15,3,,726175.56,5315221.49,193.96,120576,-0.1231741661
S7,Downstream,0,,,stream goes underground,Forest,Emily,12-Jul-15,3,,726177.61,5315222.1,193.96,120576,-0.1231741661
S7,Downstream,9,50,,,Forest,Emily,12-Jul-15,3,,726182.21,5315223.98,196.82,120576,-0.1231741661
S7,Downstream,24,60,,,Forest,Emily,12-Jul-15,3,,726185.39,5315225.54,195.27,122368,-0.1231741661
S7,Downstream,0,,,landslide material buries stream but too large to excavate,Forest,Emily,12-Jul-15,3,,726193.18,5315229.35,193.61,123200,-0.1231741661
S7,Downstream,0,,,,Forest,Emily,12-Jul-15,3,,726196.48,5315232.95,196.67,123200,-0.1231741661
S7,Downstream,0,,,,Forest,Emily,12-Jul-15,3,,726201.22,5315235.29,192.96,124288,-0.1231741661
S7,Downstream,10,10,,leaf litter,Forest,Emily,12-Jul-15,3,,726204.72,5315237.01,192.96,125120,-0.1231741661
S7,Downstream,35,30,,,Forest,Emily,12-Jul-15,3,,726211.99,5315238.68,191.8,125120,-0.1231741661
S7,Downstream,0,,,rock pile forming ~1m tall knickpoint,Forest,Emily,12-Jul-15,3,,726217.07,5315238.93,189.31,125120,-0.1231741661
S7,Downstream,0,,,,Forest,Emily,12-Jul-15,3,,726221.13,5315239.85,189.31,127104,-0.1231741661
S7,Downstream,13,20,,,Forest,Emily,12-Jul-15,3,,726224.34,5315244.53,189.56,127104,-0.1231741661
S7,Downstream,24,,,,Forest,Emily,12-Jul-15,3,,726225.7,5315247.87,187.83,128000,-0.1231741661
S7,Downstream,84,70,MC,~2m knickpoint with big boulder separating two channels,Forest,Emily,12-Jul-15,3,,726227.12,5315250.47,187.83,128000,-0.1231741661
S7,Downstream,20,20,,,Forest,Emily,12-Jul-15,3,,726230.36,5315256.94,188.38,128000,-0.1231741661
S7,Downstream,50,40,,,Forest,Emily,12-Jul-15,3,,726230.05,5315259.75,188.38,128768,-0.1231741661
S7,Downstream,21,30,,S8 subsumed into S7 because there is no tributary splitting S7 and S8,Forest,Emily,12-Jul-15,3,,726235.55,5315263.2,186.94,128768,-0.1231741661
S7,Downstream,0,,,log jam,Forest,Emily,12-Jul-15,3,,726238.86,5315264.47,186.94,128768,-0.1231741661
S7,Downstream,0,,,,Forest,Emily,12-Jul-15,3,,726243.31,5315267.75,183.65,129152,-0.1231741661
S7,Downstream,19,,,small pool,Forest,Emily,12-Jul-15,3,,726245.01,5315271.45,183.57,129152,-0.1231741661
S7,Downstream,58,50,,,Forest,Emily,12-Jul-15,3,,726246.04,5315277.6,182.86,130304,-0.1231741661
S7,Downstream,35,50,,,Forest,Emily,12-Jul-15,3,,726249.84,5315280.46,179.95,130304,-0.1231741661
S7,Downstream,53,,,,Forest,Emily,12-Jul-15,3,,726251.89,5315283.84,179.95,130304,-0.1231741661
S7,Downstream,52,50,,,Forest,Emily,12-Jul-15,3,,726255.47,5315288.82,178.86,131712,-0.1231741661
S7,Downstream,10,,,"dry channel further away, looks to be a channel only occupied in high flow",Forest,Emily,12-Jul-15,3,,726257.75,5315291.49,176.61,131712,-0.1231741661
S7,Downstream,0,,,,Forest,Emily,12-Jul-15,3,,726260.7,5315294.09,175.37,131712,-0.1231741661
S7,Downstream,0,,,,Forest,Emily,12-Jul-15,3,,726265.71,5315297.87,174.86,132032,-0.1231741661
S7,Downstream,0,,,pool with seepage water escape,Forest,Emily,12-Jul-15,3,,726269.72,5315301.84,173.1,132032,-0.1231741661
S7,Downstream,10,,,,Forest,Emily,12-Jul-15,3,,726271.06,5315306.59,173.1,132096,-0.1231741661
S7,Downstream,15,,,,Forest,Emily,12-Jul-15,3,,726272.61,5315311.69,172.78,132096,-0.1231741661
S7,Downstream,57,60,MC,last measurement in island between two channels,Forest,Emily,12-Jul-15,3,445,726272.12,5315316.09,170.87,134016,-0.1231741661
S7,Downstream,44,,,,Forest,Emily,13-Jul-15,3,445,726274.36,5315321.14,170.87,135104,-0.1231741661
S7,Downstream,62,90,,,Forest,Emily,13-Jul-15,3,,726276.16,5315326.01,168.97,135104,-0.1231741661
S7,Downstream,22,,,,Forest,Emily,13-Jul-15,3,,726278.37,5315330.69,168.97,142848,-0.1231741661
S7,Downstream,23,,,riffle-pool sequence,Forest,Emily,13-Jul-15,3,,726277.28,5315335.63,167.12,142848,-0.1231741661
S7,Downstream,12,10,,,Forest,Emily,13-Jul-15,3,,726278.46,5315339.22,167.12,142848,-0.1231741661
S7,Downstream,32,,,,Forest,Emily,13-Jul-15,3,,726279.73,5315344.48,165.36,144064,-0.1231741661
S7,Downstream,36,20,,steep-sided gully cut into landslide deposits,Forest,Emily,13-Jul-15,3,,726279.66,5315348.65,163.72,144064,-0.1231741661
S7,Downstream,29,10,,,Forest,Emily,13-Jul-15,3,,726278.55,5315353.79,163.72,146112,-0.1231741661
S7,Downstream,20,20,,,Forest,Emily,13-Jul-15,3,,726279.18,5315358.97,162.26,146112,-0.1231741661
S7,Downstream,13,10,,,Forest,Emily,13-Jul-15,3,,726277.69,5315363.89,161.03,147264,-0.1231741661
S7,Downstream,20,30,,,Forest,Emily,13-Jul-15,3,,726278.39,5315368.03,161.03,147392,-0.1231741661
S7,Downstream,32,10,,,Forest,Emily,13-Jul-15,3,,726279.81,5315373.05,160.22,147392,-0.1231741661
S7,Downstream,34,40,,,Forest,Emily,13-Jul-15,3,,726279.01,5315376.18,160.22,268160,-0.1231741661
S7,Downstream,18,,,,Forest,Emily,13-Jul-15,3,,726279.06,5315381.35,159.15,268160,-0.1231741661
S7,Downstream,17,50,,,Forest,Emily,13-Jul-15,3,446,726280.26,5315386.67,159.15,268288,-0.1231741661
S9,Upstream,37,20,,,Forest,Eric,13-Jul-15,2,446,726283.3,5315385.7,160.68,268288,0.2725613152
S9,Upstream,11,,,,Forest,Eric,13-Jul-15,2,,726287.21,5315384.29,160.68,268288,0.2725613152
S9,Upstream,7,,,,Forest,Eric,13-Jul-15,2,,726290.84,5315382.81,163.53,118080,0.2725613152
S9,Upstream,13,30,,,Forest,Eric,13-Jul-15,2,,726296.47,5315380.06,163.53,118080,0.2725613152
S9,Upstream,33,10,,,Forest,Eric,13-Jul-15,2,,726300.41,5315379.88,166.23,70208,0.2725613152
S9,Upstream,39,30,,,Forest,Eric,13-Jul-15,2,,726302.26,5315375.77,164.85,70208,0.2725613152
S9,Upstream,29,70,,,Forest,Eric,13-Jul-15,2,447,726306.8,5315375.28,167.27,70208,0.2725613152
S10,Upstream,0,,,,Forest,Eric,13-Jul-15,1,447,726308.08,5315373.72,167.27,46144,0.157402036
S10,Upstream,0,,,,Forest,Eric,13-Jul-15,1,,726309.44,5315367.5,165.88,46144,0.157402036
S10,Upstream,37,10,,pool,Forest,Eric,13-Jul-15,1,,726309.28,5315361.7,165.65,46080,0.157402036
S10,Upstream,0,,,,Forest,Eric,13-Jul-15,1,,726310.59,5315358.84,165.65,46080,0.157402036
S10,Upstream,3,50,,,Forest,Eric,13-Jul-15,1,,726312.1,5315353.34,166.66,46080,0.157402036
S10,Upstream,4,60,,vegetation,Forest,Eric,13-Jul-15,1,,726310.9,5315346.84,166.66,45632,0.157402036
S10,Upstream,23,10,,,Forest,Eric,13-Jul-15,1,,726311.09,5315342.98,168.05,45632,0.157402036
S10,Upstream,5,50,,deeply incised channel,Forest,Eric,13-Jul-15,1,,726312.95,5315337.23,170.52,45632,0.157402036
S10,Upstream,0,,,,Forest,Eric,13-Jul-15,1,,726315.61,5315333.59,170.52,45120,0.157402036
S10,Upstream,0,,,,Forest,Eric,13-Jul-15,1,,726317.44,5315327.88,172.08,44224,0.157402036
S10,Upstream,0,,,,Forest,Eric,13-Jul-15,1,,726319.82,5315324.15,172.08,44224,0.157402036
S10,Upstream,0,,,,Forest,Eric,13-Jul-15,1,,726324.07,5315320.04,175.12,44224,0.157402036
S10,Upstream,0,,,,Forest,Eric,13-Jul-15,1,,726324.02,5315315,175.12,43136,0.157402036
S10,Upstream,0,,,,Forest,Eric,13-Jul-15,1,,726325.47,5315310.56,176.27,43136,0.157402036
S10,Upstream,0,,,,Forest,Eric,13-Jul-15,1,,726326.28,5315306.49,177.98,43136,0.157402036
S10,Upstream,22,50,,,Forest,Eric,13-Jul-15,1,,726328.2,5315300.61,179.47,42432,0.157402036
S11,Upstream,17,50,,"covered by vegetation, but still flowing in grass tunnel",Forest,Eric,13-Jul-15,1,447,726308.45,5315375.21,167.27,70208,0.2071007654
S11,Upstream,13,60,,,Forest,Eric,13-Jul-15,1,,726316.01,5315374.81,169.65,67840,0.2071007654
S11,Upstream,2,,,,Forest,Eric,13-Jul-15,1,,726321.3,5315374.85,171.9,67584,0.2071007654
S11,Upstream,22,50,,,Forest,Eric,13-Jul-15,1,,726326.17,5315373.83,171.9,67584,0.2071007654
S11,Upstream,20,30,,,Forest,Eric,13-Jul-15,1,,726328.97,5315373.85,171.9,66560,0.2071007654
S11,Upstream,8,30,,,Forest,Eric,13-Jul-15,1,,726333.48,5315369.69,171.66,66560,0.2071007654
S11,Upstream,6,,,bedrock channel,Forest,Eric,13-Jul-15,1,,726338.65,5315369.78,173.55,63936,0.2071007654
S11,Upstream,37,,,,Forest,Eric,13-Jul-15,1,,726345.24,5315371.88,178.13,63488,0.2071007654
S11,Upstream,23,,,,Forest,Eric,13-Jul-15,1,,726346.62,5315372.22,178.13,63488,0.2071007654
S11,Upstream,13,60,,,Forest,Eric,13-Jul-15,1,,726353.48,5315368.69,177.54,63040,0.2071007654
S11,Upstream,22,,,,Forest,Eric,13-Jul-15,1,,726359.62,5315368.27,177.54,62528,0.2071007654
S11,Upstream,14,60,,,Forest,Eric,13-Jul-15,1,,726364.03,5315367.17,179.63,62528,0.2071007654
S11,Upstream,15,70,,,Forest,Eric,13-Jul-15,1,,726368.48,5315368.87,179.63,62400,0.2071007654
S11,Upstream,3,,,,Forest,Eric,13-Jul-15,1,,726373.86,5315368.72,181.6,62400,0.2071007654
S11,Upstream,14,70,,,Forest,Eric,13-Jul-15,1,,726377.55,5315367.64,183.43,59840,0.2071007654
S11,Upstream,0,,,,Forest,Eric,13-Jul-15,1,,726382.22,5315369.04,186.49,59840,0.2071007654
S11,Upstream,0,,,,Forest,Eric,13-Jul-15,1,,726388.5,5315368.41,185.19,59840,0.2071007654
S11,Upstream,0,,,,Forest,Eric,13-Jul-15,1,,726392.74,5315369.48,190.15,59392,0.2071007654
S11,Upstream,0,,,,Forest,Eric,13-Jul-15,1,,726398.24,5315369.86,190.15,59392,0.2071007654
S11,Upstream,0,,,,Forest,Eric,13-Jul-15,1,,726403.06,5315370.25,191.66,59264,0.2071007654
S11,Upstream,0,,,,Forest,Eric,13-Jul-15,1,,726408.54,5315370.24,191.66,57728,0.2071007654
S11,Upstream,0,,,,Forest,Eric,13-Jul-15,1,,726411.1,5315369.22,192.91,57728,0.2071007654
S11,Upstream,0,,,,Forest,Eric,13-Jul-15,1,,726414.98,5315367.29,189.89,56704,0.2071007654
S11,Upstream,3,50,,leaf litter,Forest,Eric,13-Jul-15,1,,726422.6,5315367.78,191.29,56704,0.2071007654
S11,Upstream,5,40,,,Forest,Eric,13-Jul-15,1,,726426.94,5315370.2,195.33,56256,0.2071007654
S11,Upstream,0,,,,Forest,Eric,13-Jul-15,1,,726431.74,5315369.8,195.33,54080,0.2071007654
S11,Upstream,29,70,,,Forest,Eric,13-Jul-15,1,,726436.61,5315372.54,195.98,54080,0.2071007654
S11,Upstream,8,,,bedrock channel,Forest,Eric,13-Jul-15,1,,726440.81,5315371.77,197.75,51328,0.2071007654
S11,Upstream,7,,,bedrock channel,Forest,Eric,13-Jul-15,1,,726444.56,5315374.55,197.75,51328,0.2071007654
S11,Upstream,4,,,,Forest,Eric,13-Jul-15,1,,726448.44,5315376.56,201.69,49088,0.2071007654
S11,Upstream,11,70,,,Forest,Eric,13-Jul-15,1,,726453.79,5315376.6,203.13,49088,0.2071007654
S11,Upstream,2,,,,Forest,Eric,13-Jul-15,1,,726458.89,5315375.18,204.1,49088,0.2071007654
S11,Upstream,0,,,standing water,Forest,Eric,13-Jul-15,1,,726462.94,5315375.76,204.1,47808,0.2071007654
S11,Upstream,4,,,,Forest,Eric,13-Jul-15,1,,726468.26,5315375.98,204.01,47808,0.2071007654
S11,Upstream,0,,,,Forest,Eric,13-Jul-15,1,,726471.36,5315376.24,204.01,47040,0.2071007654
S11,Upstream,38,30,,,Forest,Eric,13-Jul-15,1,,726477.45,5315373.45,203.03,47040,0.2071007654
S11,Upstream,17,30,,,Forest,Eric,13-Jul-15,1,,726483.81,5315372.96,204.78,45184,0.2071007654
S11,Upstream,21,40,,,Forest,Eric,13-Jul-15,1,,726487.52,5315370.84,204.78,43968,0.2071007654
S11,Upstream,13,50,,,Forest,Eric,13-Jul-15,1,,726494.52,5315368.46,206.99,27200,0.2071007654
S12,Downstream,22,,,,Forest,Emily,13-Jul-15,3,446,726278.01,5315391.82,159.38,268288,-0.0718179779
S12,Downstream,24,10,,"bankful channel is much wider than in pastureland, and stream meanders within channel",Forest,Emily,13-Jul-15,3,,726277.72,5315394.53,159.38,268288,-0.0718179779
S12,Downstream,41,,,,Forest,Emily,13-Jul-15,3,,726278.52,5315398.65,159.23,269632,-0.0718179779
S12,Downstream,141,60,,,Forest,Emily,13-Jul-15,3,,726280.34,5315403.2,159.04,270720,-0.0718179779
S12,Downstream,12,,,,Forest,Emily,13-Jul-15,3,,726278.48,5315407.99,159.04,272512,-0.0718179779
S12,Downstream,47,10,,small tape measure breaks,Forest,Emily,13-Jul-15,3,,726277.34,5315412.49,158.84,272512,-0.0718179779
S12,Downstream,63,20,,,Forest,Emily,13-Jul-15,3,,726278.72,5315417.82,158.84,272576,-0.0718179779
S12,Downstream,44,10,,,Forest,Emily,13-Jul-15,3,,726277.84,5315422.54,158.7,272576,-0.0718179779
S12,Downstream,65,10,,,Forest,Emily,13-Jul-15,3,,726275.18,5315426.4,158.7,275712,-0.0718179779
S12,Downstream,56,,,,Forest,Emily,13-Jul-15,3,,726274.59,5315431.6,156.46,276928,-0.0718179779
S12,Downstream,328,40,LT,"small tape measure unusable, using long tape, so in cm from here on out",Forest,Emily,13-Jul-15,3,,726275.89,5315435.96,158.63,276928,-0.0718179779
S12,Downstream,226,30,LT,,Forest,Emily,13-Jul-15,3,,726279.08,5315439.58,158.63,276992,-0.0718179779
S12,Downstream,85,30,LT,,Forest,Emily,13-Jul-15,3,,726278.97,5315444.78,158.64,276992,-0.0718179779
S12,Downstream,147,0,LT,,Forest,Emily,13-Jul-15,3,,726279.3,5315449.44,158.64,279296,-0.0718179779
S12,Downstream,46,10,LT,,Forest,Emily,13-Jul-15,3,,726280.79,5315453.31,159.72,279296,-0.0718179779
S12,Downstream,40,,LT,,Forest,Emily,13-Jul-15,3,,726280.25,5315459.19,159.79,279296,-0.0718179779
S12,Downstream,100,,LT,,Forest,Emily,13-Jul-15,3,,726280.14,5315464.02,159.79,282944,-0.0718179779
S12,Downstream,83,50,LT,,Forest,Emily,13-Jul-15,3,,726277.98,5315467.49,159.86,282944,-0.0718179779
S12,Downstream,30,,LT,ongaonga,Forest,Emily,13-Jul-15,3,,726273.11,5315467.69,156.58,282944,-0.0718179779
S12,Downstream,135,30,LT,,Forest,Emily,13-Jul-15,3,,726269.49,5315472.08,156.58,282944,-0.0718179779
S12,Downstream,250,30,LT,,Forest,Emily,13-Jul-15,3,,726269.04,5315476.04,156.39,282944,-0.0718179779
S12,Downstream,109,50,LT,@ fence,Forest,Emily,13-Jul-15,3,,726267.33,5315479.6,153.03,282944,-0.0718179779
S12,Downstream,42,,LT,,Forest,Emily,13-Jul-15,3,,726267.99,5315485.22,152.69,287680,-0.0718179779
S12,Downstream,111,10,LT,,Forest,Emily,13-Jul-15,3,,726265.56,5315489.34,152.69,289792,-0.0718179779
S12,Downstream,74,,LT,,Forest,Emily,13-Jul-15,3,,726261.74,5315491.36,152.33,289792,-0.0718179779
S12,Downstream,165,20,LT,,Forest,Emily,13-Jul-15,3,,726257.86,5315492.88,150.51,289792,-0.0718179779
S12,Downstream,27,,LT,,Forest,Emily,13-Jul-15,3,,726255.22,5315497.54,150.51,290432,-0.0718179779
S12,Downstream,53,50,LT,,Forest,Emily,13-Jul-15,3,,726255.76,5315501.46,149.8,290432,-0.0718179779
S12,Downstream,77,40,LT,,Forest,Emily,13-Jul-15,3,,726258.82,5315505.68,149.8,292096,-0.0718179779
S12,Downstream,69,,LT,,Forest,Emily,13-Jul-15,3,,726260.86,5315509.73,151.92,292096,-0.0718179779
S12,Downstream,82,20,LT,,Forest,Emily,13-Jul-15,3,,726263.73,5315514.98,151.13,292864,-0.0718179779
S12,Downstream,138,40,LT,,Forest,Emily,13-Jul-15,3,,726265.71,5315518.32,151.13,292864,-0.0718179779
S12,Downstream,30,10,LT,,Forest,Emily,13-Jul-15,3,,726266.74,5315522.25,151.13,293312,-0.0718179779
S12,Downstream,137,5,LT,pool,Forest,Emily,13-Jul-15,3,,726268.34,5315526.78,150.33,293376,-0.0718179779
S12,Downstream,46,0,LT,"muddy and disturbed, near a road",Forest,Emily,13-Jul-15,3,,726270.45,5315531.45,152.06,293376,-0.0718179779
S12,Downstream,57,10,LT,Road crosses here,Forest,Emily,13-Jul-15,3,450,726270.06,5315536.15,152.06,295232,-0.0718179779
S12,Downstream,110,10,LT,,Forest,Emily,13-Jul-15,3,,726269.73,5315542,151.31,295232,-0.0718179779
S12,Downstream,71,10,LT,,Forest,Emily,13-Jul-15,3,,726270.21,5315545.3,151.31,295232,-0.0718179779
S12,Downstream,83,10,LT,,Forest,Emily,13-Jul-15,3,,726267.96,5315549.21,147.97,295232,-0.0718179779
S12,Downstream,348,70,LT,,Forest,Emily,13-Jul-15,3,,726263.56,5315551.58,147.97,296192,-0.0718179779
S12,Downstream,80,30,LT,,Forest,Emily,13-Jul-15,3,,726257.47,5315550.8,145.98,296192,-0.0718179779
S12,Downstream,109,20,LT,,Forest,Emily,13-Jul-15,3,,726254.58,5315552.52,145.98,296192,-0.0718179779
S12,Downstream,193,10,LT,,Forest,Emily,13-Jul-15,3,,726249.66,5315553.26,144.34,296192,-0.0718179779
S12,Downstream,60,,LT,,Forest,Emily,13-Jul-15,3,,726245.31,5315555.03,145.73,296192,-0.0718179779
S12,Downstream,135,20,LT,,Forest,Emily,13-Jul-15,3,,726242.53,5315558.84,144.26,296768,-0.0718179779
S12,Downstream,196,30,LT,,Forest,Emily,13-Jul-15,3,,726244.76,5315564.61,143.32,296768,-0.0718179779
S12,Downstream,108,10,LT,,Forest,Emily,13-Jul-15,3,,726247.65,5315567.99,142.5,297920,-0.0718179779
S12,Downstream,124,,LT,,Forest,Emily,13-Jul-15,3,,726252.01,5315569.66,142.5,297920,-0.0718179779
S12,Downstream,111,20,LT,,Forest,Emily,13-Jul-15,3,,726253.49,5315573.94,141.84,297920,-0.0718179779
S12,Downstream,113,30,LT,,Forest,Emily,13-Jul-15,3,,726256.87,5315580.08,142.26,320384,-0.0718179779
S12,Downstream,144,50,LT,,Forest,Emily,13-Jul-15,3,451,726258.25,5315581.95,142.26,320384,-0.0718179779
S13,Upstream,40,60,LT,,Forest,Emily,13-Jul-15,1,451,726258.09,5315585.61,142.26,322624,0.3319275121
S13,Upstream,23,20,LT,,Forest,Emily,13-Jul-15,1,,726266.06,5315586.18,144.38,322624,0.3319275121
S13,Upstream,80,90,LT,"base of ~12 meter headcut with dripping walls. Probably a plunge pool drilled into alluvial deposits. Definitely not possible to climb up from here, will resume later",Forest,Emily,13-Jul-15,1,,726270.76,5315588.15,146.25,21504,0.3319275121
S13,Upstream,38,10,LT,measuring recommenced after finishing segment 14,Pasture,Eric,13-Jul-15,1,,726274.95,5315587.55,146.25,21248,0.3319275121
S13,Upstream,15,20,LT,,Pasture,Eric,13-Jul-15,1,,726280.07,5315588.49,148.71,21248,0.3319275121
S13,Upstream,73,50,LT,,Pasture,Eric,13-Jul-15,1,,726284.66,5315589.54,148.71,21248,0.3319275121
S13,Upstream,26,40,LT,,Pasture,Eric,13-Jul-15,1,,726289.91,5315589.88,151.38,21248,0.3319275121
S13,Upstream,46,50,LT,,Pasture,Eric,13-Jul-15,1,,726293.84,5315588.19,151.38,21248,0.3319275121
S13,Upstream,52,40,LT,,Pasture,Eric,13-Jul-15,1,,726296.38,5315583.93,154.68,19520,0.3319275121
S13,Upstream,27,30,LT,,Pasture,Eric,13-Jul-15,1,,726298.7,5315579.98,154.68,19520,0.3319275121
S13,Upstream,53,30,LT,,Pasture,Eric,13-Jul-15,1,,726302.15,5315576.72,158.33,19520,0.3319275121
S13,Upstream,28,,LT,,Pasture,Eric,13-Jul-15,1,,726306.43,5315574.91,158.33,19520,0.3319275121
S13,Upstream,35,30,LT,gully cut with higher sides in pasture. The origin of these steepsided channels is confusing,Pasture,Eric,13-Jul-15,1,,726310.67,5315572.53,161.6,19520,0.3319275121
S13,Upstream,0,,LT,,Pasture,Eric,13-Jul-15,1,,726314.04,5315569.87,161.6,18048,0.3319275121
S13,Upstream,28,30,LT,,Pasture,Eric,13-Jul-15,1,,726318.62,5315568.48,165.39,18048,0.3319275121
S13,Upstream,45,10,LT,,Pasture,Eric,13-Jul-15,1,,726322.92,5315567.05,165.39,18048,0.3319275121
S13,Upstream,0,,LT,,Pasture,Eric,13-Jul-15,1,,726328.13,5315565.82,168.99,18048,0.3319275121
S13,Upstream,0,,LT,,Pasture,Eric,13-Jul-15,1,,726333.02,5315563.54,168.99,16896,0.3319275121
S13,Upstream,13,,LT,,Pasture,Eric,13-Jul-15,1,,726336.88,5315560.03,172.36,16896,0.3319275121
S13,Upstream,16,,LT,,Pasture,Eric,13-Jul-15,1,,726340.25,5315558.7,172.36,16896,0.3319275121
S13,Upstream,8,20,LT,,Pasture,Eric,13-Jul-15,1,,726341.73,5315554.36,176.07,16896,0.3319275121
S14,Downstream,74,,LT,leaf litter,Forest,Emily,13-Jul-15,3,451,726258.15,5315586.53,142.26,322624,-0.0224508758
S14,Downstream,83,30,LT,,Forest,Emily,13-Jul-15,3,,726259.39,5315591.24,142.07,324416,-0.0224508758
S14,Downstream,192,30,LT,,Forest,Emily,13-Jul-15,3,,726261.48,5315596.07,142.38,324416,-0.0224508758
S14,Downstream,49,,LT,,Forest,Emily,13-Jul-15,3,,726262.08,5315600.2,142.38,324416,-0.0224508758
S14,Downstream,76,10,LT,,Forest,Emily,13-Jul-15,3,,726257.33,5315602.57,142.15,324416,-0.0224508758
S14,Downstream,128,20,LT,,Forest,Emily,13-Jul-15,3,,726252.37,5315604.57,140.81,324544,-0.0224508758
S14,Downstream,65,20,LT,,Forest,Eric,13-Jul-15,3,,726250.78,5315608.82,140.81,403584,-0.0224508758
S14,Downstream,73,,LT,,Forest,Eric,13-Jul-15,3,,726252.66,5315612.58,140.65,403584,-0.0224508758
S14,Downstream,91,,LT,,Forest,Eric,13-Jul-15,3,,726254.53,5315617.36,140.65,404352,-0.0224508758
S14,Downstream,88,30,LT,,Forest,Eric,13-Jul-15,3,,726253.18,5315622.17,140.31,404352,-0.0224508758
S14,Downstream,89,,LT,,Forest,Eric,13-Jul-15,3,,726254.21,5315625.84,140.31,404352,-0.0224508758
S14,Downstream,74,10,LT,,Forest,Eric,13-Jul-15,3,,726254.75,5315630.31,140.23,405248,-0.0224508758
S14,Downstream,106,10,LT,,Forest,Eric,13-Jul-15,3,,726257.4,5315634.51,140.08,405248,-0.0224508758
S14,Downstream,70,10,LT,,Forest,Eric,13-Jul-15,3,,726259.51,5315638.93,140.08,415104,-0.0224508758
S14,Downstream,138,10,LT,,Forest,Eric,13-Jul-15,3,,726259.47,5315643.57,140.57,415104,-0.0224508758
S14,Downstream,97,20,LT,,Forest,Eric,13-Jul-15,3,,726261.35,5315649.51,140.57,418752,-0.0224508758
S14,Downstream,110,20,LT,,Forest,Eric,13-Jul-15,3,,726264.58,5315651.35,140.35,418752,-0.0224508758
S14,Downstream,252,20,LT,,Forest,Eric,13-Jul-15,3,452,726266.57,5315655.26,140.35,418752,-0.0224508758
S15,Upstream,93,10,LT,,Forest,Emily,13-Jul-15,3,452,726267.61,5315658.48,141.8,418752,0.0933422489
S15,Upstream,15,,LT,,Forest,Emily,13-Jul-15,3,,726263.19,5315655.28,140.77,418752,0.0933422489
S15,Upstream,80,,LT,,Forest,Emily,13-Jul-15,3,,726258.21,5315653.74,140.77,418752,0.0933422489
S15,Upstream,44,,LT,,Forest,Emily,13-Jul-15,3,,726254.44,5315651.45,141.94,415104,0.0933422489
S15,Upstream,30,40,LT,,Forest,Emily,13-Jul-15,3,,726250.46,5315647.55,141.05,415104,0.0933422489
S15,Upstream,100,70,LT,,Forest,Emily,13-Jul-15,3,,726246.85,5315644.5,141.79,405248,0.0933422489
S15,Upstream,44,,LT,,Forest,Emily,13-Jul-15,3,,726242.03,5315642.9,141.79,405248,0.0933422489
S15,Upstream,38,,LT,,Forest,Emily,13-Jul-15,3,,726237.6,5315640.21,142.41,405248,0.0933422489
S15,Upstream,79,,LT,,Forest,Emily,13-Jul-15,3,,726235.11,5315635.64,142.41,405248,0.0933422489
S15,Upstream,50,10,LT,,Forest,Emily,13-Jul-15,3,,726235.87,5315631.18,142.02,403968,0.0933422489
S15,Upstream,178,80,LT,,Forest,Emily,13-Jul-15,3,,726238.45,5315628.11,142.02,403968,0.0933422489
S15,Upstream,42,10,LT,,Forest,Emily,13-Jul-15,3,,726237.08,5315623.11,141.12,403968,0.0933422489
S15,Upstream,30,10,LT,,Forest,Emily,13-Jul-15,3,,726235.61,5315617.84,140.87,403968,0.0933422489
S15,Upstream,95,30,LT,,Forest,Emily,13-Jul-15,3,,726233.57,5315613.84,140.87,403584,0.0933422489
S15,Upstream,50,30,LT,,Forest,Emily,13-Jul-15,3,,726233.29,5315608.39,140.77,77184,0.0933422489
S15,Upstream,27,80,LT,,Forest,Emily,13-Jul-15,3,,726229.53,5315605.66,142.15,76672,0.0933422489
S15,Upstream,42,,LT,,Forest,Emily,13-Jul-15,3,,726225.53,5315605.29,142.15,76672,0.0933422489
S15,Upstream,56,,LT,,Forest,Emily,13-Jul-15,3,,726220.89,5315605.91,143.86,76288,0.0933422489
S15,Upstream,37,20,LT,,Forest,Emily,13-Jul-15,3,,726215.18,5315605.43,146.05,75712,0.0933422489
S15,Upstream,50,10,LT,,Forest,Emily,13-Jul-15,3,,726210.59,5315605.68,146.05,75712,0.0933422489
S15,Upstream,22,20,LT,,Mixed Trees/Shrubs/Pasture,Emily,13-Jul-15,3,,726205.27,5315605.79,148.43,75712,0.0933422489
S15,Upstream,42,10,"LT, G",,Mixed Trees/Shrubs/Pasture,Emily,13-Jul-15,3,,726200.29,5315606.3,148.43,75712,0.0933422489
S15,Upstream,60,40,"LT, G",mixed mud and grass in channel,Mixed Trees/Shrubs/Pasture,Emily,13-Jul-15,3,,726195.59,5315605.14,150.79,73280,0.0933422489
S15,Upstream,30,50,"LT, G",,Mixed Trees/Shrubs/Pasture,Emily,13-Jul-15,3,,726191.46,5315602.77,149.46,72576,0.0933422489
S15,Upstream,78,30,"LT, G",,Mixed Trees/Shrubs/Pasture,Emily,13-Jul-15,3,,726187.01,5315600.05,151.46,72576,0.0933422489
S15,Upstream,74,30,LT,,Mixed Trees/Shrubs/Pasture,Emily,13-Jul-15,3,454,726182.83,5315598.21,153.2,72576,0.0933422489
S16a,Upstream,20,10,LT,,Mixed Trees/Shrubs/Pasture,Emily,13-Jul-15,2,454,726175.68,5315597.41,153.2,3008,0.2468420946
S16a,Upstream,30,30,LT,,Mixed Trees/Shrubs/Pasture,Emily,13-Jul-15,2,,726173.83,5315601.32,154.43,3008,0.2468420946
S16a,Upstream,56,10,LT,,Mixed Trees/Shrubs/Pasture,Emily,13-Jul-15,2,,726173.3,5315605.72,156.14,2944,0.2468420946
S16a,Upstream,18,20,LT,leaf litter,Mixed Trees/Shrubs/Pasture,Emily,13-Jul-15,2,,726168.95,5315606.78,156.14,2944,0.2468420946
S16a,Upstream,43,20,LT,,Mixed Trees/Shrubs/Pasture,Emily,13-Jul-15,2,,726165.34,5315609.68,157.24,2944,0.2468420946
S16a,Upstream,18,30,LT,,Mixed Trees/Shrubs/Pasture,Emily,13-Jul-15,2,,726163.47,5315613.57,159.07,2880,0.2468420946
S16a,Upstream,26,10,LT,trampled,Mixed Trees/Shrubs/Pasture,Emily,13-Jul-15,2,,726165.95,5315617.61,159.07,2880,0.2468420946
S16a,Upstream,16,10,LT,,Mixed Trees/Shrubs/Pasture,Emily,13-Jul-15,2,,726163.08,5315621.45,161.09,2880,0.2468420946
S16a,Upstream,15,40,LT,,Mixed Trees/Shrubs/Pasture,Emily,13-Jul-15,2,,726160.16,5315624.86,161.09,2816,0.2468420946
S16a,Upstream,10,,LT,,Mixed Trees/Shrubs/Pasture,Emily,13-Jul-15,2,,726156.13,5315627.4,161.98,2816,0.2468420946
S16a,Upstream,410,90,"LT, MC",trampled by cattle,Mixed Trees/Shrubs/Pasture,Emily,13-Jul-15,2,,726155.46,5315631.8,164.15,2816,0.2468420946
S16a,Upstream,80,60,LT,,Mixed Trees/Shrubs/Pasture,Emily,13-Jul-15,2,,726153.83,5315635.66,164.15,2752,0.2468420946
S16a,Upstream,58,30,LT,,Mixed Trees/Shrubs/Pasture,Emily,13-Jul-15,2,,726152.82,5315639.63,166.34,2752,0.2468420946
S17,Upstream,56,20,LT,,Mixed Trees/Shrubs/Pasture,Eric,14-Jul-15,2,454,726178.36,5315593.36,152,67136,0.1455753293
S17,Upstream,28,10,LT,,Mixed Trees/Shrubs/Pasture,,14-Jul-15,2,,726175.24,5315588.83,152,66624,0.1455753293
S17,Upstream,21,10,LT,,Mixed Trees/Shrubs/Pasture,,14-Jul-15,2,,726174.73,5315584.69,152.87,66624,0.1455753293
S17,Upstream,67,10,LT,,Mixed Trees/Shrubs/Pasture,,14-Jul-15,2,,726174.19,5315579.76,154.09,66624,0.1455753293
S17,Upstream,5,,LT,,Mixed Trees/Shrubs/Pasture,,14-Jul-15,2,,726171.49,5315576.6,154.09,66624,0.1455753293
S17,Upstream,14,,LT,,Mixed Trees/Shrubs/Pasture,,14-Jul-15,2,,726167.4,5315574.65,154.09,10304,0.1455753293
S17,Upstream,162,10,LT,"on road, flowing through and around vehicle ruts",Mixed Trees/Shrubs/Pasture,,14-Jul-15,2,,726164.73,5315571.99,155.57,10304,0.1455753293
S17,Upstream,92,40,LT,"off road, but ground heavily trampled by stock",Mixed Trees/Shrubs/Pasture,,14-Jul-15,2,,726162.51,5315568.34,155.57,10304,0.1455753293
S17,Upstream,102,30,LT,,Mixed Trees/Shrubs/Pasture,,14-Jul-15,2,455,726160.99,5315564.57,156.86,10304,0.1455753293
S18,Upstream,8,,LT,"following gutter in road, stream flows beside road for some time",Pasture,Eric,14-Jul-15,1,455,726160.81,5315563.44,156.86,10304,0.0610975239
S18,Upstream,13,,LT,,Pasture,Eric,14-Jul-15,1,,726157.7,5315567.04,155.93,10304,0.0610975239
S18,Upstream,5,,LT,,Pasture,Eric,14-Jul-15,1,,726157,5315571.99,155.93,10304,0.0610975239
S18,Upstream,3,,LT,,Pasture,Eric,14-Jul-15,1,,726156.42,5315576.28,155.4,10304,0.0610975239
S18,Upstream,6,,LT,,Pasture,Eric,14-Jul-15,1,,726153.25,5315580.23,155.4,10304,0.0610975239
S18,Upstream,36,40,LT,,Pasture,Eric,14-Jul-15,1,,726151.79,5315584.31,155.15,5824,0.0610975239
S18,Upstream,26,30,LT,,Pasture,Eric,14-Jul-15,1,,726148.89,5315588.36,156.75,5824,0.0610975239
S18,Upstream,7,,LT,,Pasture,Eric,14-Jul-15,1,,726147.81,5315593.02,156.95,5824,0.0610975239
S18,Upstream,11,,LT,,Pasture,Eric,14-Jul-15,1,,726145.77,5315597.49,157.73,4544,0.0610975239
S18,Upstream,9,20,LT,,Pasture,Eric,14-Jul-15,1,,726142.98,5315601.28,159.63,4288,0.0610975239
S19,Upstream,0,,LT,"also flows through gutter, but flows over road to meet up with segment 16",Pasture,Eric,14-Jul-15,1,456,726147.57,5315641.26,167.44,2688,0.2003284891
S19,Upstream,10,,LT,,Pasture,Eric,14-Jul-15,1,,726144.87,5315645.22,169.68,2688,0.2003284891
S19,Upstream,16,,LT,,Pasture,Eric,14-Jul-15,1,,726144.48,5315650,171.03,2688,0.2003284891
S19,Upstream,55,10,LT,,Pasture,Eric,14-Jul-15,1,,726144.31,5315655.32,173.21,2624,0.2003284891
S19,Upstream,2,,LT,,Pasture,Eric,14-Jul-15,1,,726144.56,5315660.22,173.21,2624,0.2003284891
S19,Upstream,8,,LT,,Pasture,Eric,14-Jul-15,1,,726146.22,5315665.25,173.27,2624,0.2003284891
S19,Upstream,0,,LT,,Pasture,Eric,14-Jul-15,1,,726147.18,5315670.32,174.47,2624,0.2003284891
S19,Upstream,7,10,LT,,Pasture,Eric,14-Jul-15,1,,726151.06,5315674.09,174.47,2624,0.2003284891
S20,Upstream,12,,LT,,Pasture,Emily,14-Jul-15,2,455,726160.62,5315563.03,156.86,54080,0.1508276798
S20,Upstream,34,10,LT,vegetation,Forest,Emily,14-Jul-15,2,,726156.97,5315558.58,156.67,54080,0.1508276798
S20,Upstream,9,,LT,,Forest,Emily,14-Jul-15,2,,726152.91,5315556.83,157.61,52352,0.1508276798
S20,Upstream,50,10,LT,leaf litter,Forest,Emily,14-Jul-15,2,,726148.66,5315553.42,158.18,52352,0.1508276798
S20,Upstream,60,10,LT,,Forest,Emily,14-Jul-15,2,,726146.34,5315549.66,158.18,51968,0.1508276798
S20,Upstream,23,,LT,gully carved into rock,Forest,Emily,14-Jul-15,2,,726143.93,5315545.36,159.06,51200,0.1508276798
S20,Upstream,16,30,LT,leaf litter,Forest,Emily,14-Jul-15,2,,726140.83,5315541.38,161.51,51200,0.1508276798
S20,Upstream,3,,LT,,Forest,Emily,14-Jul-15,2,,726137,5315538.36,161.51,51200,0.1508276798
S20,Upstream,0,,LT,,Forest,Emily,14-Jul-15,2,,726138.14,5315533.82,161.51,49600,0.1508276798
S20,Upstream,52,,LT,,Forest,Emily,14-Jul-15,2,,726139.95,5315529.47,162.01,47744,0.1508276798
S20,Upstream,11,,LT,,Forest,Emily,14-Jul-15,2,,726137.25,5315524.81,161.99,47744,0.1508276798
S20,Upstream,9,,LT,,Forest,Emily,14-Jul-15,2,,726133.44,5315520.98,164.95,47744,0.1508276798
S20,Upstream,24,10,LT,2 knickpoints in succession,Forest,Emily,14-Jul-15,2,,726129.77,5315518.6,164.95,47744,0.1508276798
S20,Upstream,5,,LT,,Forest,Emily,14-Jul-15,2,,726126.43,5315515.7,165.46,45824,0.1508276798
S20,Upstream,23,,LT,,Forest,Emily,14-Jul-15,2,,726122.37,5315511.89,168.41,45824,0.1508276798
S20,Upstream,27,,LT,,Forest,Emily,14-Jul-15,2,,726118.41,5315508.77,168.66,45824,0.1508276798
S20,Upstream,5,,LT,,Forest,Emily,14-Jul-15,2,,726113.68,5315507.77,171.78,45824,0.1508276798
S20,Upstream,30,20,LT,,Pasture,Emily,14-Jul-15,2,,726107.81,5315504.85,175.3,43968,0.1508276798
S20,Upstream,113,40,LT,cow trampled in hollow,Pasture,Emily,14-Jul-15,2,,726104.25,5315504.54,175.3,43968,0.1508276798
S20,Upstream,24,10,LT,,Pasture,Emily,14-Jul-15,2,,726101.46,5315501.17,178.04,42816,0.1508276798
S20,Upstream,35,10,LT,,Pasture,Emily,14-Jul-15,2,,726100.09,5315496.49,178.04,42816,0.1508276798
S20,Upstream,13,10,LT,mud and grass,Pasture,Emily,14-Jul-15,2,,726097.65,5315491.74,177.01,41152,0.1508276798
S20,Upstream,12,20,LT,mud and grass,Pasture,Emily,14-Jul-15,2,,726094.17,5315488.14,177.01,41152,0.1508276798
S20,Upstream,8,,LT,,Pasture,Emily,14-Jul-15,2,,726090.68,5315486.03,178.66,38080,0.1508276798
S20,Upstream,25,,LT,,Pasture,Emily,14-Jul-15,2,,726085.94,5315485.72,178.66,38080,0.1508276798
S20,Upstream,10,10,LT,,Pasture,Emily,14-Jul-15,2,,726081.71,5315485.03,181.35,38080,0.1508276798
S20,Upstream,42,,LT,,Pasture,Emily,14-Jul-15,2,,726078.05,5315480.53,181.35,38080,0.1508276798
S20,Upstream,17,10,LT,,Pasture,Emily,14-Jul-15,2,,726077.03,5315476.39,182.29,14528,0.1508276798
S20,Upstream,17,10,LT,,Pasture,Emily,14-Jul-15,2,,726079.8,5315470.51,178.83,14528,0.1508276798
S20,Upstream,25,10,LT,,Pasture,Emily,14-Jul-15,2,,726079.9,5315466.73,178.83,14528,0.1508276798
S20,Upstream,50,20,LT,,Pasture,Emily,14-Jul-15,2,,726076.94,5315462.57,177.91,14528,0.1508276798
S20,Upstream,22,10,LT,,Pasture,Emily,14-Jul-15,2,,726076.43,5315458.09,179.81,14528,0.1508276798
S20,Upstream,15,,LT,,Pasture,Emily,14-Jul-15,2,458,726076.36,5315453.56,179.61,14528,0.1508276798
S21,Upstream,0,,LT,,Pasture,Eric,14-Jul-15,1,458,726070.9,5315449.55,179.61,8640,0.2013642865
S21,Upstream,32,,LT,,Pasture,Eric,14-Jul-15,1,,726067.03,5315449.31,181.25,8640,0.2013642865
S21,Upstream,25,30,LT,,Pasture,Eric,14-Jul-15,1,,726060.29,5315450.42,183.08,7936,0.2013642865
S21,Upstream,18,10,LT,,Pasture,Eric,14-Jul-15,1,,726057.15,5315452.78,183.08,7936,0.2013642865
S21,Upstream,2,,LT,,Pasture,Eric,14-Jul-15,1,,726051.34,5315452.36,185.03,7104,0.2013642865
S21,Upstream,6,,LT,,Pasture,Eric,14-Jul-15,1,,726047.17,5315452.71,185.03,6272,0.2013642865
S21,Upstream,25,,LT,,Pasture,Eric,14-Jul-15,1,,726043.66,5315456.52,187.54,6272,0.2013642865
S21,Upstream,15,,LT,,Pasture,Eric,14-Jul-15,1,,726039.85,5315455.53,186.97,5440,0.2013642865
S21,Upstream,59,30,LT,,Pasture,Eric,14-Jul-15,1,,726034.52,5315455.61,188.81,5440,0.2013642865
S21,Upstream,9,,LT,,Pasture,Eric,14-Jul-15,1,,726030.45,5315455.61,188.81,4672,0.2013642865
S21,Upstream,23,,LT,ice crust,Pasture,Eric,14-Jul-15,1,,726024.87,5315454.58,190.53,3968,0.2013642865
S22,Upstream,38,10,LT,,Pasture,,14-Jul-15,1,458,726070.22,5315446.72,180.84,17728,0
S23,Downstream,32,10,LT,,Forest,,14-Jul-15,4,452,726269.28,5315660.49,141.8,418752,-0.0149733422
S23,Downstream,71,10,LT,,Forest,,14-Jul-15,4,,726272.92,5315665,141.25,419904,-0.0149733422
S23,Downstream,32,20,LT,,Forest,,14-Jul-15,4,,726276.52,5315668.55,142.78,419904,-0.0149733422
S23,Downstream,120,,LT,,Forest,,14-Jul-15,4,,726279.5,5315666.5,142.78,419904,-0.0149733422
S23,Downstream,84,30,LT,going around larger meander bend ~20 meters across.,Forest,,14-Jul-15,4,,726278.16,5315661,141.25,419904,-0.0149733422
S23,Downstream,65,10,LT,,Forest,,14-Jul-15,4,,726277.74,5315656.88,140.05,419904,-0.0149733422
S23,Downstream,152,10,LT,,Forest,,14-Jul-15,4,,726277.12,5315651.29,140.05,419904,-0.0149733422
S23,Downstream,145,10,LT,,Forest,,14-Jul-15,4,,726279.54,5315647.23,139.82,419904,-0.0149733422
S23,Downstream,59,,LT,,Forest,,14-Jul-15,4,,726280.58,5315642.91,139.77,420032,-0.0149733422
S23,Downstream,100,50,LT,,Forest,,14-Jul-15,4,,726284.59,5315640.56,140.64,420032,-0.0149733422
S23,Downstream,71,,LT,,Forest,,14-Jul-15,4,,726289.29,5315643.33,139.78,421312,-0.0149733422
S23,Downstream,103,10,LT,,Forest,,14-Jul-15,4,,726290.97,5315646.99,139.78,421312,-0.0149733422
S23,Downstream,111,20,LT,,Forest,,14-Jul-15,4,,726292.49,5315651.57,139.5,421312,-0.0149733422
S23,Downstream,59,,LT,,Forest,,14-Jul-15,4,,726295.51,5315657.15,139.5,421312,-0.0149733422
S23,Downstream,52,,LT,,Forest,,14-Jul-15,4,,726298.39,5315659.6,139.36,424832,-0.0149733422
S23,Downstream,97,40,LT,,Forest,,14-Jul-15,4,,726302.72,5315659.46,139.36,424832,-0.0149733422
S23,Downstream,100,,LT,,Forest,,14-Jul-15,4,,726305.9,5315662.94,139.23,424832,-0.0149733422
S23,Downstream,27,,LT,,Forest,,14-Jul-15,4,,726307.83,5315668.09,140.05,425920,-0.0149733422
S23,Downstream,245,40,LT,,Forest,,14-Jul-15,4,,726308.31,5315669.38,140.05,425920,-0.0149733422
S23,Downstream,39,,LT,,Forest,,14-Jul-15,4,,726313.38,5315674.42,139.56,425920,-0.0149733422
S23,Downstream,75,,LT,,Forest,,14-Jul-15,4,,726318.04,5315676.49,139.56,427968,-0.0149733422
S23,Downstream,35,10,LT,,Forest,,14-Jul-15,4,,726320.98,5315680.17,138.98,427968,-0.0149733422
S23,Downstream,156,20,LT,,Forest,,14-Jul-15,4,,726323.11,5315685.63,139.41,430016,-0.0149733422
S23,Downstream,109,30,LT,,Forest,,14-Jul-15,4,,726320.94,5315689.52,140.4,430016,-0.0149733422
S23,Downstream,51,10,LT,,Forest,,14-Jul-15,4,,726323.05,5315693.76,140.4,430016,-0.0149733422
S23,Downstream,181,30,LT,,Forest,,14-Jul-15,4,,726325.98,5315697.41,141.01,431616,-0.0149733422
S23,Downstream,123,20,LT,,Forest,,14-Jul-15,4,,726330.93,5315699.31,139.29,431616,-0.0149733422
S23,Downstream,92,,LT,,Forest,,14-Jul-15,4,,726335.79,5315700.48,139.29,431616,-0.0149733422
S23,Downstream,162,,LT,,Forest,,14-Jul-15,4,,726338.44,5315704.28,138.9,432448,-0.0149733422
S23,Downstream,138,40,LT,,Forest,,14-Jul-15,4,,726339.98,5315708.83,138.9,432448,-0.0149733422
S23,Downstream,108,40,LT,,Forest,,14-Jul-15,4,,726341.32,5315713.1,139.57,433664,-0.0149733422
S23,Downstream,43,10,LT,,Forest,,14-Jul-15,4,462,726345.62,5315716.93,139.09,433664,-0.0149733422
S24,Upstream,11,20,LT,dense vegetation,Bushy,,14-Jul-15,1,462,726344.41,5315719.03,139.57,19840,0.2899813883
S24,Upstream,19,10,LT,leaf litter,Bushy,,14-Jul-15,1,,726340.61,5315721.64,140.42,19328,0.2899813883
S24,Upstream,12,40,LT,leaf litter,Bushy,,14-Jul-15,1,,726336.55,5315725.71,141.32,19328,0.2899813883
S24,Upstream,0,,LT,,Bushy,,14-Jul-15,1,,726332.27,5315728.19,141.32,18880,0.2899813883
S24,Upstream,4,,LT,,Bushy,,14-Jul-15,1,,726328.05,5315729.17,142.84,18880,0.2899813883
S24,Upstream,3,,LT,bedrock channel,Bushy,,14-Jul-15,1,,726323.35,5315732.14,142.84,18496,0.2899813883
S24,Upstream,4,,LT,,Bushy,,14-Jul-15,1,,726320.74,5315735.25,145.5,18048,0.2899813883
S24,Upstream,5,20,LT,vegetation,Bushy,,14-Jul-15,1,,726320.78,5315740.1,146.24,18048,0.2899813883
S24,Upstream,20,30,LT,,Bushy,,14-Jul-15,1,,726317.37,5315744.57,148.33,18048,0.2899813883
S24,Upstream,0,,LT,,Bushy,,14-Jul-15,1,,726313.29,5315746.25,150.44,10368,0.2899813883
S24,Upstream,7,60,LT,,Bushy,,14-Jul-15,1,,726309.36,5315749.34,150.44,10368,0.2899813883
S24,Upstream,0,,LT,,Pasture,,14-Jul-15,1,,726306.06,5315751.94,153.21,10368,0.2899813883
S24,Upstream,3,,LT,,Pasture,,14-Jul-15,1,,726302.4,5315754.83,155.02,10176,0.2899813883
S24,Upstream,5,20,LT,,Pasture,,14-Jul-15,1,,726297.35,5315756.3,157.24,9792,0.2899813883
S24,Upstream,0,,LT,,Pasture,,14-Jul-15,1,,726294.83,5315760.6,157.24,9792,0.2899813883
S24,Upstream,12,50,"LT, G",,Pasture,,14-Jul-15,1,,726291.31,5315763.7,159.28,9408,0.2899813883
S24,Upstream,5,40,"LT, G",,Pasture,,14-Jul-15,1,,726287.04,5315766.88,161.15,9408,0.2899813883
S24,Upstream,22,50,"LT, G",soil pipe,Pasture,,14-Jul-15,1,,726282.89,5315769.51,162.98,9408,0.2899813883
S24,Upstream,138,80,"LT, G",,Pasture,,14-Jul-15,1,,726281.57,5315770.97,164.63,9408,0.2899813883
S24,Upstream,0,,"LT, G",,Pasture,,14-Jul-15,1,,726279.89,5315778.43,166.24,3456,0.2899813883
S24,Upstream,0,,LT,,Pasture,,14-Jul-15,1,,726276.98,5315781.67,166.24,3456,0.2899813883
S24,Upstream,0,,LT,,Pasture,,14-Jul-15,1,,726273.38,5315783.87,167.79,448,0.2899813883
S24,Upstream,52,50,LT,,Pasture,,14-Jul-15,1,,726269.41,5315786.86,169.26,448,0.2899813883
S24,Upstream,10,,LT,,Pasture,,14-Jul-15,1,,726265.7,5315790.18,170.77,448,0.2899813883
S24,Upstream,52,70,LT,,Pasture,,14-Jul-15,1,,726260.54,5315792.02,170.77,384,0.2899813883
S24,Upstream,48,10,LT,,Pasture,,14-Jul-15,1,,726254.38,5315791.05,172.37,384,0.2899813883
S25,Downstream,99,30,LT,rejoining main stream,Mixed Trees/Shrubs/Pasture,,14-Jul-15,4,462,726351.46,5315717.62,139.09,20992,-0.036861361
S25,Downstream,98,30,LT,found lamb skull,Mixed Trees/Shrubs/Pasture,,14-Jul-15,4,,726356.28,5315718.86,138.49,20992,-0.036861361
S25,Downstream,129,10,LT,,Mixed Trees/Shrubs/Pasture,,14-Jul-15,4,,726361,5315719.54,138.96,21056,-0.036861361
S25,Downstream,87,10,LT,,Mixed Trees/Shrubs/Pasture,,14-Jul-15,4,,726364.41,5315716.13,138.22,21056,-0.036861361
S25,Downstream,128,,LT,,Mixed Trees/Shrubs/Pasture,,14-Jul-15,4,,726369.36,5315716.17,137.82,21632,-0.036861361
S25,Downstream,31,,LT,,Mixed Trees/Shrubs/Pasture,,14-Jul-15,4,,726373.8,5315717.94,137.82,21632,-0.036861361
S25,Downstream,77,,LT,<1% grass in channel,Mixed Trees/Shrubs/Pasture,,14-Jul-15,4,,726377.84,5315721.56,137.4,22144,-0.036861361
S25,Downstream,81,,LT,,Mixed Trees/Shrubs/Pasture,,14-Jul-15,4,,726378.9,5315725.4,137.4,22144,-0.036861361
S25,Downstream,88,5,LT,small amount of grass and rocks,Mixed Trees/Shrubs/Pasture,,14-Jul-15,4,,726377.6,5315730.8,137.4,22144,-0.036861361
S25,Downstream,158,,LT,,Mixed Trees/Shrubs/Pasture,,14-Jul-15,4,,726379.62,5315735.2,137.75,22144,-0.036861361
S25,Downstream,105,,LT,,Mixed Trees/Shrubs/Pasture,,14-Jul-15,4,,726383.75,5315735.52,137.75,22208,-0.036861361
S25,Downstream,114,10,LT,,Mixed Trees/Shrubs/Pasture,,14-Jul-15,4,,726389.57,5315736.97,137.02,117120,-0.036861361
S25,Downstream,54,,LT,,Mixed Trees/Shrubs/Pasture,,14-Jul-15,4,,726394.5,5315738.59,136.33,117120,-0.036861361
S25,Downstream,92,,LT,,Mixed Trees/Shrubs/Pasture,,14-Jul-15,4,,726398.99,5315740.85,136.33,117120,-0.036861361
S25,Downstream,125,5,LT,vegetation,Mixed Trees/Shrubs/Pasture,,14-Jul-15,4,463,726403.01,5315743.74,136.33,117120,-0.036861361
S26a,Upstream,34,20,LT,,Mixed Trees/Shrubs/Pasture,,14-Jul-15,2,463,726403.52,5315744.86,136.33,117120,0.1135119215
S26a,Upstream,35,,LT,dense ferns,Mixed Trees/Shrubs/Pasture,,14-Jul-15,2,,726398.96,5315748.96,136.73,117120,0.1135119215
S26a,Upstream,20,30,LT,rock island,Mixed Trees/Shrubs/Pasture,,14-Jul-15,2,,726396.8,5315753.27,137.44,42112,0.1135119215
S26a,Upstream,13,,LT,,Mixed Trees/Shrubs/Pasture,,14-Jul-15,2,470,726392.35,5315755.37,138.07,42112,0.1135119215
S26b,Upstream,7,,LT,cutting into a large muddy hummock on the hillslope. This is what separates 26b from S31,Bushy,,14-Jul-15,2,470,726393.54,5315763.45,139.02,6720,0.2471996993
S26b,Upstream,24,,LT,,Bushy,,14-Jul-15,2,,726391.09,5315767.63,140.34,1984,0.2471996993
S26b,Upstream,37,,LT,very steep,Bushy,,14-Jul-15,2,,726389.26,5315771.94,140.34,1984,0.2471996993
S26b,Upstream,66,50,LT,,Bushy,,14-Jul-15,2,,726391.48,5315776.18,141.98,1920,0.2471996993
S26b,Upstream,13,,LT,,Bushy,,14-Jul-15,2,,726389.51,5315780.95,141.98,1856,0.2471996993
S26b,Upstream,23,40,LT,,Bushy,,14-Jul-15,2,,726386.44,5315783.98,144.29,1856,0.2471996993
S26b,Upstream,36,10,LT,,Bushy,,14-Jul-15,2,,726383.34,5315787.98,144.29,1856,0.2471996993
S26b,Upstream,60,20,LT,,Bushy,,14-Jul-15,2,,726382.7,5315792.3,146.29,1792,0.2471996993
S26b,Upstream,47,,LT,,Bushy,,14-Jul-15,2,,726381.42,5315797.31,146.29,1728,0.2471996993
S26b,Upstream,47,,LT,,Bushy,,14-Jul-15,2,,726382.87,5315801.14,148.4,1728,0.2471996993
S26b,Upstream,74,,LT,,Bushy,,14-Jul-15,2,,726384.06,5315806.84,150.54,1664,0.2471996993
S26b,Upstream,20,,LT,very steep with dense vines,Bushy,,14-Jul-15,2,,726386.53,5315810.95,150.54,1664,0.2471996993
S26b,Upstream,32,10,LT,,Bushy,,14-Jul-15,2,,726387.28,5315815.55,153.11,1600,0.2471996993
S26b,Upstream,15,,LT,,Bushy,,14-Jul-15,2,,726387.35,5315820.38,153.11,1600,0.2471996993
S26b,Upstream,19,10,LT,,Bushy,,14-Jul-15,2,,726387.8,5315825.25,155.45,1536,0.2471996993
S26b,Upstream,87,,LT,pool,Bushy,,14-Jul-15,2,,726386.95,5315830.37,157.03,1472,0.2471996993
S26b,Upstream,73,80,LT,leaf litter,Bushy,,14-Jul-15,2,,726386.4,5315835.45,157.03,1472,0.2471996993
S26b,Upstream,41,20,LT,above dam made by tree roots,Bushy,,14-Jul-15,2,,726385.11,5315839.94,159.21,1408,0.2471996993
S26b,Upstream,63,,LT,pool,Bushy,,14-Jul-15,2,,726385.27,5315844.53,159.21,1344,0.2471996993
S26b,Upstream,57,10,LT,,Bushy,,14-Jul-15,2,464,726384.58,5315849.85,161.38,1344,0.2471996993
S27,Upstream,23,60,LT,,Bushy,,14-Jul-15,1,464,726385.03,5315854.24,163.51,1280,0.1946096416
S27,Upstream,30,,LT,,Bushy,,14-Jul-15,1,,726390.06,5315856.21,164.05,1280,0.1946096416
S27,Upstream,55,60,LT,,Bushy,,14-Jul-15,1,,726391.03,5315860.83,164.05,1216,0.1946096416
S27,Upstream,62,60,LT,,Bushy,,14-Jul-15,1,,726392.62,5315865.36,166.1,1216,0.1946096416
S27,Upstream,10,40,LT,,Bushy,,14-Jul-15,1,,726395.22,5315868.83,166.1,1152,0.1946096416
S27,Upstream,18,20,LT,,Bushy,,14-Jul-15,1,,726399.78,5315871.81,168.53,1152,0.1946096416
S28,Upstream,19,10,LT,,Pasture,,14-Jul-15,2,464,726380.7,5315852.06,161.38,29120,0.257425697
S28,Upstream,9,10,LT,mud clumps + grass,Pasture,,14-Jul-15,2,,726380.32,5315856.82,163.51,2048,0.257425697
S28,Upstream,63,10,LT,,Pasture,,14-Jul-15,2,,726377.7,5315860.7,163.29,1984,0.257425697
S28,Upstream,43,60,LT,,Pasture,,14-Jul-15,2,,726373.37,5315863.48,165.43,1984,0.257425697
S28,Upstream,226,70,LT,islands + grass,Pasture,,14-Jul-15,2,,726370.42,5315866.34,165.75,1984,0.257425697
S28,Upstream,18,50,LT,,Pasture,,14-Jul-15,2,466,726368.12,5315871.2,167.87,1920,0.257425697
S29,Upstream,35,10,LT,,Pasture,,14-Jul-15,1,466,726371.41,5315873.05,167.87,1920,0.2765202804
S29,Upstream,8,,LT,,Pasture,,14-Jul-15,1,,726372.64,5315876.73,167.87,1856,0.2765202804
S29,Upstream,25,10,LT,grass,Pasture,,14-Jul-15,1,,726375.91,5315880.74,169.96,1856,0.2765202804
S29,Upstream,26,,LT,,Pasture,,14-Jul-15,1,,726378.58,5315884.82,169.96,1792,0.2765202804
S29,Upstream,25,30,LT,,Pasture,,14-Jul-15,1,,726381.3,5315888.06,172.3,1792,0.2765202804
S29,Upstream,56,50,LT,,Pasture,,14-Jul-15,1,,726380.2,5315893.38,172.32,1728,0.2765202804
S29,Upstream,0,,LT,,Pasture,,14-Jul-15,1,,726379,5315898.07,174.74,1728,0.2765202804
S29,Upstream,5,,LT,,Pasture,,14-Jul-15,1,,726375.86,5315902.32,177.25,1664,0.2765202804
S30,Upstream,25,20,LT,vegetation,Pasture,,14-Jul-15,1,466,726363.85,5315871.03,168.43,20416,0.177937915
S30,Upstream,127,40,LT,mud clumps,Pasture,,14-Jul-15,1,,726361.74,5315875.35,168.43,20416,0.177937915
S30,Upstream,6,,"LT, G",,Pasture,,14-Jul-15,1,,726357.94,5315878.92,170.5,17216,0.177937915
S30,Upstream,55,80,LT,,Pasture,,14-Jul-15,1,,726356.5,5315884.21,171.25,15936,0.177937915
S31,Downstream,58,10,LT,,Pasture,,14-Jul-15,1,,726294,5315872.12,179.61,37888,-0.2301690239
S31,Downstream,57,,LT,,Pasture,,14-Jul-15,1,,726294.72,5315867.1,177.86,37888,-0.2301690239
S31,Downstream,6,,LT,,Pasture,,14-Jul-15,1,,726297.96,5315864.5,177.86,37888,-0.2301690239
S31,Downstream,4,,LT,series of small standing pools,Pasture,,14-Jul-15,1,,726300.03,5315860.55,176.16,37888,-0.2301690239
S31,Downstream,115,50,LT,,Pasture,,14-Jul-15,1,,726304.07,5315857.38,174.55,39040,-0.2301690239
S31,Downstream,95,40,LT,,Pasture,,14-Jul-15,1,,726307.37,5315854.88,172.82,39040,-0.2301690239
S31,Downstream,104,70,LT,,Pasture,,14-Jul-15,1,,726311.51,5315852.13,171.15,40192,-0.2301690239
S31,Downstream,12,20,LT,,Pasture,,14-Jul-15,1,,726310.95,5315847.68,169.39,41408,-0.2301690239
S31,Downstream,120,10,LT,,Pasture,,14-Jul-15,1,,726311.34,5315842.39,169.39,41408,-0.2301690239
S31,Downstream,21,,LT,,Pasture,,14-Jul-15,1,,726315.04,5315839.03,167.74,41472,-0.2301690239
S31,Downstream,2,,LT,,Pasture,,14-Jul-15,1,,726319.59,5315839.4,165.94,41472,-0.2301690239
S31,Downstream,0,,LT,,Pasture,,14-Jul-15,1,,726323.51,5315840.39,167.73,41472,-0.2301690239
S31,Downstream,0,,LT,,Pasture,,14-Jul-15,1,,726323.46,5315835.59,165.94,41472,-0.2301690239
S31,Downstream,0,,LT,,Pasture,,14-Jul-15,1,,726328.25,5315835.67,164.31,41536,-0.2301690239
S31,Downstream,0,,LT,,Pasture,,14-Jul-15,1,,726331.49,5315834.5,164.31,41536,-0.2301690239
S31,Downstream,0,,LT,,Pasture,,14-Jul-15,1,,726333.39,5315829.84,160.94,41536,-0.2301690239
S31,Downstream,0,,LT,,Pasture,,14-Jul-15,1,,726337.29,5315826.83,160.94,41600,-0.2301690239
S31,Downstream,0,,LT,,Pasture,,14-Jul-15,1,,726338.27,5315822.55,159.13,41600,-0.2301690239
S31,Downstream,0,,LT,,Pasture,,14-Jul-15,1,,726341.57,5315820.21,157.64,41600,-0.2301690239
S31,Downstream,43,50,LT,,Pasture,,14-Jul-15,1,,726345.58,5315817.36,157.64,41664,-0.2301690239
S31,Downstream,13,,LT,,Pasture,,14-Jul-15,1,,726347.55,5315813.12,154.39,41664,-0.2301690239
S31,Downstream,17,,LT,,Pasture,,14-Jul-15,1,,726349.48,5315808.63,154.39,41728,-0.2301690239
S31,Downstream,14,10,LT,,Pasture,,14-Jul-15,1,,726352.74,5315804.93,152.56,41728,-0.2301690239
S31,Downstream,80,60,LT,,Pasture,,14-Jul-15,1,,726357.53,5315805.05,151.15,41728,-0.2301690239
S31,Downstream,25,,"LT, DV",very dense bushes,Bushy,,14-Jul-15,1,,726362.08,5315803.87,151.15,41792,-0.2301690239
S31,Downstream,14,,LT,,Bushy,,14-Jul-15,1,,726362.58,5315798.68,149.33,41792,-0.2301690239
S31,Downstream,0,,LT,,Bushy,,14-Jul-15,1,,726365.44,5315794.83,147.99,41856,-0.2301690239
S31,Downstream,11,,LT,,Bushy,,14-Jul-15,1,,726364.28,5315789.9,146.22,41856,-0.2301690239
S31,Downstream,26,10,LT,,Pasture,,14-Jul-15,1,,726367.26,5315786.28,146.22,41856,-0.2301690239
S31,Downstream,23,10,LT,,Pasture,,14-Jul-15,1,,726369.89,5315782.35,144.76,41920,-0.2301690239
S31,Downstream,25,20,LT,,Pasture,,14-Jul-15,1,,726370.38,5315777.85,144.76,41920,-0.2301690239
S31,Downstream,27,30,LT,,Pasture,,14-Jul-15,1,,726375.5,5315776.87,143.38,41920,-0.2301690239
S31,Downstream,28,10,LT,,Pasture,,14-Jul-15,1,,726379.11,5315775.57,142.48,41984,-0.2301690239
S31,Downstream,151,60,LT,,Pasture,,14-Jul-15,1,,726378.83,5315770.99,140.96,41984,-0.2301690239
S31,Downstream,32,30,LT,,Pasture,,14-Jul-15,1,,726379.5,5315766.43,139.8,41984,-0.2301690239
S31,Downstream,14,10,LT,,Pasture,,14-Jul-15,1,,726384.02,5315767.78,140.96,41984,-0.2301690239
S31,Downstream,22,20,LT,,Pasture,,14-Jul-15,1,,726387.51,5315764.44,139.02,42048,-0.2301690239
S31,Downstream,8,,LT,rejoins S26a,Pasture,,14-Jul-15,1,470,726388.69,5315759.44,139.02,42048,-0.2301690239
